tourney_id,tourney_name,surface,draw_size,tourney_level,tourney_date,match_num,winner_id,winner_seed,winner_entry,winner_name,winner_hand,winner_ht,winner_ioc,winner_age,loser_id,loser_seed,loser_entry,loser_name,loser_hand,loser_ht,loser_ioc,loser_age,score,best_of,round,minutes,w_ace,w_df,w_svpt,w_1stIn,w_1stWon,w_2ndWon,w_SvGms,w_bpSaved,w_bpFaced,l_ace,l_df,l_svpt,l_1stIn,l_1stWon,l_2ndWon,l_SvGms,l_bpSaved,l_bpFaced,winner_rank,winner_rank_points,loser_rank,loser_rank_points,match_date
2023-609,Indian Wells,Hard,96,PM,2023-03-06,300,214981,10.0,,Elena Rybakina,R,184.0,KAZ,23.7,214544,2.0,,Aryna Sabalenka,R,182.0,BLR,24.8,7-6(11) 6-4,3,F,123.0,7.0,2.0,91.0,47.0,30.0,23.0,11.0,4.0,6.0,4.0,10.0,89.0,56.0,38.0,11.0,11.0,7.0,10.0,10.0,2935.0,2.0,6100.0,2023-03-06
2023-609,Indian Wells,Hard,96,PM,2023-03-06,299,214981,10.0,,Elena Rybakina,R,184.0,KAZ,23.7,216347,1.0,,Iga Swiatek,R,176.0,POL,21.7,6-2 6-2,3,SF,76.0,7.0,2.0,56.0,34.0,28.0,9.0,8.0,3.0,4.0,1.0,2.0,43.0,28.0,12.0,6.0,8.0,0.0,5.0,10.0,2935.0,1.0,10585.0,2023-03-06
2023-609,Indian Wells,Hard,96,PM,2023-03-06,298,214544,2.0,,Aryna Sabalenka,R,182.0,BLR,24.8,206289,7.0,,Maria Sakkari,R,172.0,GRE,27.6,6-2 6-3,3,SF,83.0,4.0,5.0,55.0,31.0,23.0,12.0,9.0,2.0,4.0,2.0,3.0,59.0,33.0,23.0,6.0,8.0,5.0,10.0,2.0,6100.0,7.0,3451.0,2023-03-06
2023-609,Indian Wells,Hard,96,PM,2023-03-06,297,216347,1.0,,Iga Swiatek,R,176.0,POL,21.7,201514,,,Sorana Cirstea,R,176.0,ROU,32.9,6-2 6-3,3,QF,82.0,1.0,1.0,52.0,34.0,24.0,9.0,9.0,0.0,2.0,1.0,3.0,51.0,31.0,15.0,9.0,8.0,3.0,8.0,1.0,10585.0,83.0,743.0,2023-03-06
2023-609,Indian Wells,Hard,96,PM,2023-03-06,296,214981,10.0,,Elena Rybakina,R,184.0,KAZ,23.7,214096,,,Karolina Muchova,R,178.0,CZE,26.5,7-6(4) 2-6 6-4,3,QF,165.0,6.0,6.0,104.0,54.0,41.0,26.0,15.0,3.0,6.0,1.0,6.0,108.0,62.0,47.0,22.0,15.0,12.0,14.0,10.0,2935.0,76.0,791.0,2023-03-06
2023-609,Indian Wells,Hard,96,PM,2023-03-06,295,206289,7.0,,Maria Sakkari,R,172.0,GRE,27.6,201520,15.0,,Petra Kvitova,L,183.0,CZE,32.9,4-6 7-5 6-1,3,QF,135.0,6.0,2.0,86.0,51.0,37.0,15.0,15.0,6.0,9.0,6.0,12.0,92.0,51.0,36.0,18.0,14.0,4.0,9.0,7.0,3451.0,15.0,2227.0,2023-03-06
2023-609,Indian Wells,Hard,96,PM,2023-03-06,294,214544,2.0,,Aryna Sabalenka,R,182.0,BLR,24.8,221103,6.0,,Coco Gauff,R,175.0,USA,18.9,6-4 6-0,3,QF,64.0,5.0,0.0,41.0,30.0,26.0,6.0,8.0,0.0,0.0,6.0,3.0,54.0,28.0,16.0,11.0,8.0,4.0,8.0,2.0,6100.0,6.0,4251.0,2023-03-06
2023-609,Indian Wells,Hard,96,PM,2023-03-06,293,216347,1.0,,Iga Swiatek,R,176.0,POL,21.7,221054,,,Emma Raducanu,R,175.0,GBR,20.3,6-3 6-1,3,R16,84.0,1.0,1.0,47.0,33.0,29.0,6.0,8.0,2.0,2.0,1.0,3.0,54.0,34.0,15.0,10.0,8.0,6.0,10.0,1.0,10585.0,77.0,784.0,2023-03-06
2023-609,Indian Wells,Hard,96,PM,2023-03-06,292,201514,,,Sorana Cirstea,R,176.0,ROU,32.9,201614,5.0,,Caroline Garcia,R,177.0,FRA,29.3,6-4 4-6 7-5,3,R16,143.0,2.0,5.0,100.0,55.0,33.0,28.0,16.0,4.0,9.0,8.0,3.0,96.0,55.0,36.0,18.0,16.0,6.0,12.0,83.0,743.0,5.0,4905.0,2023-03-06
2023-609,Indian Wells,Hard,96,PM,2023-03-06,291,214096,,,Karolina Muchova,R,178.0,CZE,26.5,214954,,,Marketa Vondrousova,L,173.0,CZE,23.6,6-4 6-7(2) 6-4,3,R16,155.0,2.0,4.0,111.0,67.0,39.0,24.0,16.0,2.0,6.0,2.0,6.0,95.0,55.0,30.0,23.0,16.0,5.0,11.0,76.0,791.0,105.0,632.0,2023-03-06
2023-609,Indian Wells,Hard,96,PM,2023-03-06,290,214981,10.0,,Elena Rybakina,R,184.0,KAZ,23.7,219875,,Q,Varvara Gracheva,R,,FRA,22.5,6-3 6-0,3,R16,80.0,4.0,3.0,58.0,28.0,16.0,16.0,7.0,9.0,11.0,0.0,6.0,68.0,39.0,18.0,9.0,8.0,5.0,12.0,10.0,2935.0,66.0,879.0,2023-03-06
2023-609,Indian Wells,Hard,96,PM,2023-03-06,289,206289,7.0,,Maria Sakkari,R,172.0,GRE,27.6,201662,17.0,,Karolina Pliskova,R,184.0,CZE,30.9,6-4 5-7 6-3,3,R16,163.0,4.0,9.0,93.0,50.0,40.0,12.0,15.0,3.0,8.0,4.0,5.0,137.0,90.0,51.0,20.0,16.0,22.0,29.0,7.0,3451.0,17.0,2045.0,2023-03-06
2023-609,Indian Wells,Hard,96,PM,2023-03-06,288,201520,15.0,,Petra Kvitova,L,183.0,CZE,32.9,202468,3.0,,Jessica Pegula,R,170.0,USA,29.0,6-2 3-6 7-6(11),3,R16,134.0,4.0,8.0,86.0,49.0,32.0,19.0,14.0,1.0,6.0,2.0,1.0,104.0,65.0,37.0,23.0,15.0,4.0,10.0,15.0,2227.0,3.0,5495.0,2023-03-06
2023-609,Indian Wells,Hard,96,PM,2023-03-06,287,221103,6.0,,Coco Gauff,R,175.0,USA,18.9,202490,,Q,Rebecca Peterson,R,173.0,SWE,27.5,6-3 1-6 6-4,3,R16,137.0,6.0,2.0,91.0,57.0,31.0,22.0,13.0,10.0,14.0,1.0,4.0,89.0,58.0,38.0,14.0,13.0,9.0,13.0,6.0,4251.0,103.0,659.0,2023-03-06
2023-609,Indian Wells,Hard,96,PM,2023-03-06,286,214544,2.0,,Aryna Sabalenka,R,182.0,BLR,24.8,206252,16.0,,Barbora Krejcikova,R,178.0,CZE,27.2,6-3 2-6 6-4,3,R16,123.0,11.0,4.0,84.0,53.0,39.0,12.0,14.0,1.0,4.0,3.0,6.0,88.0,58.0,37.0,16.0,13.0,8.0,11.0,2.0,6100.0,16.0,2205.0,2023-03-06
2023-609,Indian Wells,Hard,96,PM,2023-03-06,285,216347,1.0,,Iga Swiatek,R,176.0,POL,21.7,215370,32.0,,Bianca Andreescu,R,170.0,CAN,22.7,6-3 7-6(1),3,R32,127.0,1.0,0.0,73.0,50.0,31.0,10.0,11.0,4.0,8.0,1.0,2.0,72.0,55.0,30.0,4.0,10.0,3.0,8.0,1.0,10585.0,36.0,1303.0,2023-03-06
2023-609,Indian Wells,Hard,96,PM,2023-03-06,284,221054,,,Emma Raducanu,R,175.0,GBR,20.3,206242,13.0,,Beatriz Haddad Maia,L,185.0,BRA,26.7,6-1 2-6 6-4,3,R32,139.0,2.0,4.0,83.0,55.0,38.0,14.0,13.0,3.0,5.0,4.0,4.0,76.0,52.0,37.0,10.0,12.0,5.0,8.0,77.0,784.0,13.0,2246.0,2023-03-06
2023-609,Indian Wells,Hard,96,PM,2023-03-06,283,201514,,,Sorana Cirstea,R,176.0,ROU,32.9,211095,,,Bernarda Pera,L,175.0,USA,28.2,6-3 6-1,3,R32,67.0,4.0,0.0,44.0,22.0,19.0,12.0,8.0,0.0,1.0,3.0,5.0,55.0,24.0,14.0,12.0,8.0,0.0,5.0,83.0,743.0,43.0,1200.0,2023-03-06
2023-609,Indian Wells,Hard,96,PM,2023-03-06,282,201614,5.0,,Caroline Garcia,R,177.0,FRA,29.3,220367,30.0,,Leylah Fernandez,L,168.0,CAN,20.4,6-4 6-7(5) 6-1,3,R32,133.0,11.0,3.0,93.0,49.0,42.0,26.0,15.0,2.0,2.0,5.0,8.0,91.0,50.0,34.0,21.0,14.0,1.0,4.0,5.0,4905.0,49.0,1080.0,2023-03-06
2023-609,Indian Wells,Hard,96,PM,2023-03-06,281,214954,,,Marketa Vondrousova,L,173.0,CZE,23.6,202460,4.0,,Ons Jabeur,R,167.0,TUN,28.5,7-6(5) 6-4,3,R32,91.0,0.0,5.0,68.0,37.0,23.0,17.0,11.0,0.0,4.0,2.0,2.0,71.0,37.0,25.0,10.0,11.0,3.0,8.0,105.0,632.0,4.0,4921.0,2023-03-06
2023-609,Indian Wells,Hard,96,PM,2023-03-06,280,214096,,,Karolina Muchova,R,178.0,CZE,26.5,203354,23.0,,Martina Trevisan,L,160.0,ITA,29.3,6-4 3-6 6-4,3,R32,161.0,7.0,7.0,97.0,58.0,43.0,19.0,15.0,5.0,8.0,0.0,4.0,97.0,65.0,41.0,17.0,14.0,10.0,13.0,76.0,791.0,26.0,1529.0,2023-03-06
2023-609,Indian Wells,Hard,96,PM,2023-03-06,279,214981,10.0,,Elena Rybakina,R,184.0,KAZ,23.7,211651,21.0,,Paula Badosa,R,180.0,ESP,25.3,6-3 7-5,3,R32,95.0,9.0,1.0,76.0,44.0,30.0,19.0,10.0,5.0,6.0,2.0,7.0,63.0,34.0,23.0,13.0,11.0,4.0,8.0,10.0,2935.0,22.0,1758.0,2023-03-06
2023-609,Indian Wells,Hard,96,PM,2023-03-06,278,219875,,Q,Varvara Gracheva,R,,FRA,22.5,214082,8.0,,Daria Kasatkina,R,170.0,RUS,25.8,6-4 6-4,3,R32,99.0,0.0,0.0,71.0,44.0,23.0,14.0,10.0,1.0,5.0,0.0,3.0,69.0,59.0,28.0,3.0,10.0,3.0,9.0,66.0,879.0,8.0,3375.0,2023-03-06
2023-609,Indian Wells,Hard,96,PM,2023-03-06,277,206289,7.0,,Maria Sakkari,R,172.0,GRE,27.6,211843,27.0,,Anhelina Kalinina,R,179.0,UKR,26.0,3-6 6-2 6-4,3,R32,150.0,6.0,8.0,95.0,49.0,35.0,21.0,13.0,6.0,9.0,3.0,8.0,95.0,55.0,33.0,21.0,14.0,6.0,11.0,7.0,3451.0,29.0,1422.0,2023-03-06
2023-609,Indian Wells,Hard,96,PM,2023-03-06,276,201662,17.0,,Karolina Pliskova,R,184.0,CZE,30.9,206368,11.0,,Veronika Kudermetova,R,175.0,RUS,25.8,6-1 7-5,3,R32,82.0,1.0,6.0,59.0,35.0,27.0,10.0,10.0,0.0,2.0,2.0,4.0,53.0,30.0,19.0,8.0,9.0,1.0,6.0,17.0,2045.0,11.0,2620.0,2023-03-06
2023-609,Indian Wells,Hard,96,PM,2023-03-06,275,201520,15.0,,Petra Kvitova,L,183.0,CZE,32.9,211533,24.0,,Jelena Ostapenko,R,177.0,LAT,25.7,0-6 6-0 6-4,3,R32,109.0,6.0,11.0,82.0,45.0,26.0,15.0,11.0,7.0,12.0,0.0,3.0,68.0,41.0,24.0,10.0,11.0,1.0,7.0,15.0,2227.0,25.0,1550.0,2023-03-06
2023-609,Indian Wells,Hard,96,PM,2023-03-06,274,202468,3.0,,Jessica Pegula,R,170.0,USA,29.0,215713,26.0,,Anastasia Potapova,R,175.0,RUS,21.9,3-6 6-4 7-5,3,R32,137.0,3.0,5.0,115.0,69.0,39.0,28.0,15.0,9.0,13.0,4.0,9.0,96.0,57.0,37.0,20.0,16.0,9.0,14.0,3.0,5495.0,28.0,1439.0,2023-03-06
2023-609,Indian Wells,Hard,96,PM,2023-03-06,273,221103,6.0,,Coco Gauff,R,175.0,USA,18.9,222328,,,Linda Noskova,R,,CZE,18.2,6-4 6-3,3,R32,77.0,7.0,2.0,51.0,35.0,31.0,7.0,9.0,1.0,1.0,2.0,0.0,64.0,38.0,25.0,13.0,10.0,2.0,5.0,6.0,4251.0,54.0,1003.0,2023-03-06
2023-609,Indian Wells,Hard,96,PM,2023-03-06,272,202490,,Q,Rebecca Peterson,R,173.0,SWE,27.5,213525,,,Jil Teichmann,L,170.0,SUI,25.6,3-6 6-3 6-1,3,R32,137.0,7.0,3.0,73.0,46.0,31.0,14.0,12.0,4.0,8.0,1.0,2.0,81.0,50.0,29.0,13.0,13.0,5.0,12.0,103.0,659.0,39.0,1274.0,2023-03-06
2023-609,Indian Wells,Hard,96,PM,2023-03-06,271,206252,16.0,,Barbora Krejcikova,R,178.0,CZE,27.2,216133,,,Xin Yu Wang,R,182.0,CHN,21.4,6-2 6-7(1) 6-2,3,R32,145.0,6.0,10.0,87.0,51.0,44.0,14.0,14.0,2.0,4.0,2.0,5.0,98.0,48.0,28.0,25.0,14.0,6.0,12.0,16.0,2205.0,67.0,871.0,2023-03-06
2023-609,Indian Wells,Hard,96,PM,2023-03-06,270,214544,2.0,,Aryna Sabalenka,R,182.0,BLR,24.8,201615,,Q,Lesia Tsurenko,R,174.0,UKR,33.7,W/O,3,R32,1.0,,,,,,,,,,,,,,,,,,,2.0,6100.0,95.0,688.0,2023-03-06
2023-609,Indian Wells,Hard,96,PM,2023-03-06,269,216347,1.0,,Iga Swiatek,R,176.0,POL,21.7,214906,,,Claire Liu,R,170.0,USA,22.7,6-0 6-1,3,R64,65.0,1.0,3.0,41.0,30.0,24.0,6.0,7.0,0.0,0.0,1.0,2.0,42.0,24.0,9.0,6.0,6.0,4.0,9.0,1.0,10585.0,56.0,972.0,2023-03-06
2023-609,Indian Wells,Hard,96,PM,2023-03-06,268,215370,32.0,,Bianca Andreescu,R,170.0,CAN,22.7,220548,,WC,Peyton Stearns,R,,USA,21.4,4-6 6-4 6-3,3,R64,151.0,3.0,4.0,75.0,43.0,28.0,17.0,11.0,5.0,8.0,1.0,5.0,65.0,41.0,28.0,7.0,11.0,1.0,5.0,36.0,1303.0,126.0,526.0,2023-03-06
2023-609,Indian Wells,Hard,96,PM,2023-03-06,267,221054,,,Emma Raducanu,R,175.0,GBR,20.3,202663,20.0,,Magda Linette,R,171.0,POL,31.0,7-6(3) 6-2,3,R64,110.0,3.0,3.0,62.0,32.0,28.0,14.0,10.0,2.0,4.0,1.0,2.0,69.0,49.0,28.0,10.0,10.0,1.0,5.0,77.0,784.0,21.0,1770.0,2023-03-06
2023-609,Indian Wells,Hard,96,PM,2023-03-06,266,206242,13.0,,Beatriz Haddad Maia,L,185.0,BRA,26.7,211701,,,Katerina Siniakova,R,174.0,CZE,26.8,5-7 7-6(4) 6-3,3,R64,157.0,2.0,2.0,98.0,72.0,42.0,13.0,16.0,2.0,7.0,2.0,8.0,98.0,58.0,33.0,18.0,17.0,0.0,6.0,13.0,2246.0,45.0,1164.0,2023-03-06
2023-609,Indian Wells,Hard,96,PM,2023-03-06,265,211095,,,Bernarda Pera,L,175.0,USA,28.2,214643,12.0,,Liudmila Samsonova,R,180.0,RUS,24.3,2-6 7-6(8) 7-6(6),3,R64,181.0,5.0,8.0,112.0,62.0,44.0,24.0,16.0,7.0,12.0,8.0,5.0,125.0,73.0,51.0,26.0,16.0,10.0,13.0,43.0,1200.0,12.0,2301.0,2023-03-06
2023-609,Indian Wells,Hard,96,PM,2023-03-06,264,201514,,,Sorana Cirstea,R,176.0,ROU,32.9,201619,19.0,,Madison Keys,R,178.0,USA,28.0,6-1 RET,3,R64,35.0,1.0,1.0,32.0,26.0,18.0,3.0,4.0,3.0,3.0,1.0,0.0,16.0,11.0,4.0,2.0,3.0,1.0,3.0,83.0,743.0,20.0,1857.0,2023-03-06
2023-609,Indian Wells,Hard,96,PM,2023-03-06,263,220367,30.0,,Leylah Fernandez,L,168.0,CAN,20.4,215613,,WC,Emma Navarro,R,,USA,21.7,6-2 6-4,3,R64,94.0,2.0,9.0,61.0,36.0,25.0,11.0,9.0,2.0,4.0,0.0,5.0,81.0,40.0,20.0,20.0,9.0,7.0,12.0,49.0,1080.0,128.0,522.0,2023-03-06
2023-609,Indian Wells,Hard,96,PM,2023-03-06,262,201614,5.0,,Caroline Garcia,R,177.0,FRA,29.3,213646,,LL,Dalma Galfi,R,178.0,HUN,24.5,6-1 6-7(4) 6-4,3,R64,127.0,7.0,2.0,87.0,55.0,48.0,17.0,15.0,4.0,4.0,14.0,6.0,103.0,75.0,48.0,14.0,14.0,6.0,9.0,5.0,4905.0,80.0,749.0,2023-03-06
2023-609,Indian Wells,Hard,96,PM,2023-03-06,261,202460,4.0,,Ons Jabeur,R,167.0,TUN,28.5,211684,,LL,Magdalena Frech,R,171.0,POL,25.2,4-6 6-4 6-1,3,R64,103.0,3.0,3.0,79.0,47.0,37.0,13.0,13.0,0.0,3.0,1.0,0.0,77.0,57.0,37.0,7.0,14.0,6.0,12.0,4.0,4921.0,106.0,622.0,2023-03-06
2023-609,Indian Wells,Hard,96,PM,2023-03-06,260,214954,,,Marketa Vondrousova,L,173.0,CZE,23.6,213631,28.0,,Marie Bouzkova,R,180.0,CZE,24.6,6-1 6-1,3,R64,73.0,3.0,2.0,36.0,17.0,14.0,14.0,7.0,0.0,0.0,0.0,5.0,61.0,34.0,17.0,10.0,7.0,9.0,14.0,105.0,632.0,32.0,1359.0,2023-03-06
2023-609,Indian Wells,Hard,96,PM,2023-03-06,259,203354,23.0,,Martina Trevisan,L,160.0,ITA,29.3,201483,,,Madison Brengle,R,168.0,USA,32.9,5-7 6-1 6-2,3,R64,137.0,0.0,4.0,85.0,54.0,33.0,13.0,14.0,4.0,10.0,0.0,5.0,96.0,71.0,32.0,10.0,13.0,9.0,18.0,26.0,1529.0,87.0,711.0,2023-03-06
2023-609,Indian Wells,Hard,96,PM,2023-03-06,258,214096,,,Karolina Muchova,R,178.0,CZE,26.5,201458,14.0,,Victoria Azarenka,R,180.0,BLR,33.5,7-6(1) 6-3,3,R64,125.0,5.0,4.0,74.0,46.0,29.0,14.0,10.0,3.0,6.0,0.0,6.0,95.0,62.0,37.0,11.0,11.0,4.0,9.0,76.0,791.0,14.0,2237.0,2023-03-06
2023-609,Indian Wells,Hard,96,PM,2023-03-06,257,214981,10.0,,Elena Rybakina,R,184.0,KAZ,23.7,213550,,WC,Sofia Kenin,R,170.0,USA,24.3,7-6(6) 7-6(5),3,R64,128.0,6.0,7.0,89.0,49.0,39.0,20.0,12.0,5.0,7.0,0.0,4.0,81.0,57.0,39.0,11.0,12.0,4.0,6.0,10.0,2935.0,170.0,377.0,2023-03-06
2023-609,Indian Wells,Hard,96,PM,2023-03-06,256,211651,21.0,,Paula Badosa,R,180.0,ESP,25.3,203463,,,Nuria Parrizas Diaz,R,167.0,ESP,31.6,6-2 7-5,3,R64,96.0,5.0,6.0,62.0,31.0,21.0,16.0,10.0,3.0,6.0,0.0,3.0,72.0,55.0,30.0,5.0,10.0,7.0,13.0,22.0,1758.0,88.0,710.0,2023-03-06
2023-609,Indian Wells,Hard,96,PM,2023-03-06,255,219875,,Q,Varvara Gracheva,R,,FRA,22.5,201549,25.0,,Petra Martic,R,181.0,CRO,32.1,6-3 6-2,3,R64,75.0,1.0,2.0,61.0,44.0,30.0,12.0,9.0,2.0,2.0,2.0,4.0,48.0,23.0,14.0,14.0,8.0,4.0,7.0,66.0,879.0,30.0,1422.0,2023-03-06
2023-609,Indian Wells,Hard,96,PM,2023-03-06,254,214082,8.0,,Daria Kasatkina,R,170.0,RUS,25.8,213583,,,Tatjana Maria,R,172.0,GER,35.5,6-2 6-1,3,R64,63.0,1.0,1.0,43.0,35.0,20.0,6.0,7.0,5.0,7.0,1.0,6.0,51.0,27.0,15.0,5.0,8.0,6.0,13.0,8.0,3375.0,70.0,860.0,2023-03-06
2023-609,Indian Wells,Hard,96,PM,2023-03-06,253,206289,7.0,,Maria Sakkari,R,172.0,GRE,27.6,201603,,,Shelby Rogers,R,175.0,USA,30.3,2-6 6-4 6-0,3,R64,124.0,6.0,6.0,81.0,45.0,29.0,15.0,12.0,8.0,12.0,2.0,1.0,71.0,43.0,22.0,12.0,12.0,2.0,8.0,7.0,3451.0,41.0,1245.0,2023-03-06
2023-609,Indian Wells,Hard,96,PM,2023-03-06,252,211843,27.0,,Anhelina Kalinina,R,179.0,UKR,26.0,222258,,,Linda Fruhvirtova,R,,CZE,17.8,4-6 6-4 7-5,3,R64,163.0,1.0,6.0,106.0,65.0,39.0,20.0,16.0,5.0,11.0,3.0,21.0,107.0,58.0,41.0,13.0,16.0,10.0,17.0,29.0,1422.0,53.0,1017.0,2023-03-06
2023-609,Indian Wells,Hard,96,PM,2023-03-06,251,201662,17.0,,Karolina Pliskova,R,184.0,CZE,30.9,214939,,,Anna Kalinskaya,R,175.0,RUS,24.2,2-6 6-0 6-4,3,R64,109.0,9.0,5.0,90.0,56.0,38.0,11.0,12.0,10.0,15.0,3.0,7.0,71.0,46.0,26.0,7.0,12.0,1.0,8.0,17.0,2045.0,60.0,923.0,2023-03-06
2023-609,Indian Wells,Hard,96,PM,2023-03-06,250,206368,11.0,,Veronika Kudermetova,R,175.0,RUS,25.8,215020,,,Anna Blinkova,R,179.0,RUS,24.4,6-3 6-4,3,R64,81.0,7.0,2.0,62.0,38.0,31.0,12.0,10.0,4.0,4.0,1.0,7.0,48.0,26.0,21.0,10.0,9.0,1.0,3.0,11.0,2620.0,69.0,866.0,2023-03-06
2023-609,Indian Wells,Hard,96,PM,2023-03-06,249,201520,15.0,,Petra Kvitova,L,183.0,CZE,32.9,216097,,WC,Elizabeth Mandlik,R,,USA,21.7,6-1 7-5,3,R64,86.0,3.0,1.0,49.0,29.0,25.0,8.0,9.0,2.0,4.0,2.0,9.0,76.0,37.0,26.0,10.0,10.0,8.0,14.0,15.0,2227.0,155.0,422.0,2023-03-06
2023-609,Indian Wells,Hard,96,PM,2023-03-06,248,211533,24.0,,Jelena Ostapenko,R,177.0,LAT,25.7,205925,,,Aliaksandra Sasnovich,R,174.0,BLR,28.9,7-5 3-6 6-2,3,R64,125.0,3.0,3.0,99.0,59.0,36.0,18.0,15.0,5.0,11.0,6.0,9.0,86.0,50.0,27.0,17.0,14.0,6.0,13.0,25.0,1550.0,44.0,1174.0,2023-03-06
2023-609,Indian Wells,Hard,96,PM,2023-03-06,247,215713,26.0,,Anastasia Potapova,R,175.0,RUS,21.9,216016,,,Xiyu Wang,L,,CHN,21.9,4-6 7-6(4) 6-2,3,R64,162.0,1.0,4.0,98.0,68.0,40.0,14.0,15.0,6.0,12.0,2.0,3.0,100.0,60.0,34.0,18.0,15.0,10.0,17.0,28.0,1439.0,59.0,941.0,2023-03-06
2023-609,Indian Wells,Hard,96,PM,2023-03-06,246,202468,3.0,,Jessica Pegula,R,170.0,USA,29.0,202429,,,Camila Giorgi,R,168.0,ITA,31.1,3-6 6-1 6-2,3,R64,113.0,4.0,3.0,67.0,38.0,24.0,17.0,12.0,3.0,7.0,1.0,4.0,84.0,47.0,23.0,18.0,12.0,13.0,20.0,3.0,5495.0,46.0,1144.0,2023-03-06
2023-609,Indian Wells,Hard,96,PM,2023-03-06,245,221103,6.0,,Coco Gauff,R,175.0,USA,18.9,213710,,Q,Cristina Bucsa,R,,ESP,25.1,6-2 6-4,3,R64,77.0,2.0,2.0,57.0,36.0,25.0,14.0,9.0,6.0,7.0,0.0,5.0,52.0,33.0,18.0,10.0,9.0,1.0,5.0,6.0,4251.0,90.0,708.0,2023-03-06
2023-609,Indian Wells,Hard,96,PM,2023-03-06,244,222328,,,Linda Noskova,R,,CZE,18.2,216153,31.0,,Amanda Anisimova,R,180.0,USA,21.5,7-6(6) 6-3,3,R64,80.0,5.0,5.0,74.0,47.0,34.0,10.0,10.0,4.0,6.0,5.0,5.0,66.0,38.0,28.0,11.0,11.0,3.0,7.0,54.0,1003.0,35.0,1304.0,2023-03-06
2023-609,Indian Wells,Hard,96,PM,2023-03-06,243,202490,,Q,Rebecca Peterson,R,173.0,SWE,27.5,201533,22.0,,Shuai Zhang,R,177.0,CHN,34.1,3-0 RET,3,R64,13.0,0.0,1.0,6.0,3.0,3.0,1.0,1.0,0.0,0.0,0.0,2.0,10.0,4.0,1.0,1.0,2.0,1.0,3.0,103.0,659.0,27.0,1460.0,2023-03-06
2023-609,Indian Wells,Hard,96,PM,2023-03-06,242,213525,,,Jil Teichmann,L,170.0,SUI,25.6,202505,9.0,,Belinda Bencic,R,175.0,SUI,25.9,3-6 6-3 6-3,3,R64,152.0,4.0,1.0,90.0,55.0,36.0,13.0,14.0,4.0,9.0,2.0,4.0,84.0,47.0,30.0,13.0,13.0,4.0,10.0,39.0,1274.0,9.0,3360.0,2023-03-06
2023-609,Indian Wells,Hard,96,PM,2023-03-06,241,206252,16.0,,Barbora Krejcikova,R,178.0,CZE,27.2,215035,,WC,Dayana Yastremska,R,175.0,UKR,22.8,6-1 6-2,3,R64,69.0,0.0,3.0,44.0,17.0,12.0,13.0,7.0,1.0,3.0,2.0,5.0,50.0,34.0,12.0,5.0,8.0,5.0,12.0,16.0,2205.0,142.0,462.0,2023-03-06
2023-609,Indian Wells,Hard,96,PM,2023-03-06,240,216133,,,Xin Yu Wang,R,182.0,CHN,21.4,206420,18.0,,Ekaterina Alexandrova,R,175.0,RUS,28.3,6-2 6-3,3,R64,75.0,3.0,5.0,64.0,31.0,20.0,19.0,8.0,7.0,8.0,2.0,9.0,49.0,20.0,11.0,10.0,9.0,2.0,7.0,67.0,871.0,18.0,2030.0,2023-03-06
2023-609,Indian Wells,Hard,96,PM,2023-03-06,239,201615,,Q,Lesia Tsurenko,R,174.0,UKR,33.7,202499,29.0,,Donna Vekic,R,179.0,CRO,26.6,2-6 6-2 6-2,3,R64,117.0,0.0,3.0,92.0,70.0,35.0,15.0,12.0,9.0,13.0,2.0,8.0,68.0,35.0,20.0,15.0,12.0,4.0,10.0,95.0,688.0,23.0,1664.0,2023-03-06
2023-609,Indian Wells,Hard,96,PM,2023-03-06,238,214544,2.0,,Aryna Sabalenka,R,182.0,BLR,24.8,201516,,,Evgeniya Rodina,R,170.0,RUS,34.0,6-2 6-0,3,R64,65.0,5.0,2.0,50.0,30.0,24.0,9.0,7.0,4.0,4.0,0.0,3.0,52.0,33.0,14.0,7.0,7.0,7.0,12.0,2.0,6100.0,427.0,111.0,2023-03-06
2023-609,Indian Wells,Hard,96,PM,2023-03-06,236,214906,,,Claire Liu,R,170.0,USA,22.7,203533,,LL,Anna Karolina Schmiedlova,R,176.0,SVK,28.4,7-6(5) 6-3,3,R128,116.0,2.0,3.0,78.0,52.0,35.0,12.0,11.0,3.0,5.0,1.0,5.0,74.0,43.0,29.0,14.0,10.0,3.0,6.0,56.0,972.0,101.0,673.0,2023-03-06
2023-609,Indian Wells,Hard,96,PM,2023-03-06,235,220548,,WC,Peyton Stearns,R,,USA,21.4,214119,,Q,Rebeka Masarova,R,186.0,ESP,23.5,4-6 6-4 6-4,3,R128,150.0,1.0,3.0,97.0,64.0,41.0,18.0,15.0,6.0,10.0,14.0,4.0,98.0,60.0,43.0,14.0,15.0,6.0,11.0,126.0,526.0,92.0,706.0,2023-03-06
2023-609,Indian Wells,Hard,96,PM,2023-03-06,232,221054,,,Emma Raducanu,R,175.0,GBR,20.3,203575,,,Danka Kovinic,R,169.0,MNE,28.2,6-2 6-3,3,R128,81.0,3.0,1.0,47.0,26.0,17.0,13.0,8.0,4.0,6.0,4.0,4.0,56.0,27.0,16.0,8.0,9.0,3.0,9.0,77.0,784.0,62.0,905.0,2023-03-06
2023-609,Indian Wells,Hard,96,PM,2023-03-06,231,211701,,,Katerina Siniakova,R,174.0,CZE,26.8,215898,,,Jule Niemeier,R,178.0,GER,23.5,7-5 6-4,3,R128,119.0,0.0,6.0,66.0,46.0,24.0,9.0,11.0,3.0,8.0,1.0,9.0,84.0,40.0,20.0,18.0,11.0,6.0,13.0,45.0,1164.0,72.0,842.0,2023-03-06
2023-609,Indian Wells,Hard,96,PM,2023-03-06,228,211095,,,Bernarda Pera,L,175.0,USA,28.2,214459,,,Lucia Bronzetti,R,,ITA,24.2,7-5 4-6 6-3,3,R128,172.0,10.0,13.0,117.0,66.0,49.0,21.0,16.0,9.0,13.0,3.0,3.0,117.0,75.0,45.0,20.0,15.0,10.0,15.0,43.0,1200.0,71.0,849.0,2023-03-06
2023-609,Indian Wells,Hard,96,PM,2023-03-06,227,201514,,,Sorana Cirstea,R,176.0,ROU,32.9,214040,,Q,Kimberly Birrell,R,170.0,AUS,24.8,6-3 6-2,3,R128,80.0,2.0,3.0,60.0,32.0,24.0,13.0,9.0,2.0,4.0,0.0,2.0,48.0,25.0,9.0,10.0,8.0,5.0,10.0,83.0,743.0,115.0,566.0,2023-03-06
2023-609,Indian Wells,Hard,96,PM,2023-03-06,224,215613,,WC,Emma Navarro,R,,USA,21.7,216083,,WC,Caty Mcnally,R,,USA,21.2,1-6 6-1 6-1,3,R128,135.0,2.0,5.0,101.0,62.0,34.0,17.0,11.0,14.0,20.0,0.0,6.0,91.0,53.0,28.0,11.0,10.0,10.0,18.0,128.0,522.0,73.0,832.0,2023-03-06
2023-609,Indian Wells,Hard,96,PM,2023-03-06,223,213646,,LL,Dalma Galfi,R,178.0,HUN,24.5,203389,,,Danielle Collins,R,178.0,USA,29.2,6-4 6-4,3,R128,99.0,6.0,2.0,61.0,42.0,27.0,10.0,10.0,1.0,4.0,1.0,4.0,75.0,41.0,28.0,11.0,10.0,2.0,7.0,80.0,749.0,31.0,1382.0,2023-03-06
2023-609,Indian Wells,Hard,96,PM,2023-03-06,220,211684,,LL,Magdalena Frech,R,171.0,POL,25.2,202628,,,Maryna Zanevska,R,175.0,BEL,29.5,4-6 6-4 6-2,3,R128,148.0,0.0,0.0,104.0,74.0,43.0,14.0,14.0,12.0,17.0,0.0,9.0,84.0,47.0,25.0,17.0,14.0,9.0,16.0,106.0,622.0,78.0,775.0,2023-03-06
2023-609,Indian Wells,Hard,96,PM,2023-03-06,219,214954,,,Marketa Vondrousova,L,173.0,CZE,23.6,201606,,,Rebecca Marino,R,183.0,CAN,32.2,6-2 6-2,3,R128,70.0,4.0,4.0,48.0,29.0,25.0,10.0,8.0,0.0,0.0,2.0,6.0,64.0,33.0,20.0,12.0,8.0,4.0,8.0,105.0,632.0,75.0,798.0,2023-03-06
2023-609,Indian Wells,Hard,96,PM,2023-03-06,216,201483,,,Madison Brengle,R,168.0,USA,32.9,201696,,Q,Laura Siegemund,R,168.0,GER,35.0,7-6(5) 6-4,3,R128,123.0,0.0,3.0,64.0,48.0,30.0,9.0,11.0,3.0,6.0,0.0,6.0,77.0,54.0,35.0,8.0,11.0,3.0,7.0,87.0,711.0,124.0,536.0,2023-03-06
2023-609,Indian Wells,Hard,96,PM,2023-03-06,215,214096,,,Karolina Muchova,R,178.0,CZE,26.5,201709,,,Yulia Putintseva,R,163.0,KAZ,28.1,6-3 4-6 6-4,3,R128,141.0,4.0,3.0,90.0,46.0,31.0,24.0,15.0,4.0,8.0,0.0,5.0,96.0,69.0,43.0,11.0,14.0,6.0,11.0,76.0,791.0,42.0,1235.0,2023-03-06
2023-609,Indian Wells,Hard,96,PM,2023-03-06,212,213550,,WC,Sofia Kenin,R,170.0,USA,24.3,201585,,,Sloane Stephens,R,170.0,USA,29.9,6-4 6-1,3,R128,81.0,0.0,2.0,58.0,41.0,29.0,10.0,9.0,3.0,4.0,2.0,1.0,56.0,40.0,22.0,7.0,8.0,6.0,10.0,170.0,377.0,48.0,1083.0,2023-03-06
2023-609,Indian Wells,Hard,96,PM,2023-03-06,211,203463,,,Nuria Parrizas Diaz,R,167.0,ESP,31.6,220714,,,Elisabetta Cocciaretto,R,,ITA,22.1,6-3 7-5,3,R128,104.0,2.0,4.0,67.0,47.0,33.0,10.0,11.0,2.0,4.0,3.0,1.0,76.0,52.0,30.0,12.0,10.0,13.0,17.0,88.0,710.0,50.0,1076.0,2023-03-06
2023-609,Indian Wells,Hard,96,PM,2023-03-06,208,219875,,Q,Varvara Gracheva,R,,FRA,22.5,204434,,Q,Ysaline Bonaventure,L,178.0,BEL,28.5,6-2 6-2,3,R128,68.0,0.0,1.0,51.0,32.0,25.0,11.0,8.0,2.0,2.0,2.0,5.0,47.0,27.0,15.0,10.0,8.0,3.0,7.0,66.0,879.0,84.0,730.0,2023-03-06
2023-609,Indian Wells,Hard,96,PM,2023-03-06,207,213583,,,Tatjana Maria,R,172.0,GER,35.5,211148,,,Jasmine Paolini,R,160.0,ITA,27.1,7-5 6-1,3,R128,77.0,6.0,1.0,58.0,30.0,25.0,14.0,10.0,1.0,2.0,0.0,1.0,53.0,39.0,24.0,6.0,9.0,1.0,5.0,70.0,860.0,63.0,896.0,2023-03-06
2023-609,Indian Wells,Hard,96,PM,2023-03-06,204,201603,,,Shelby Rogers,R,175.0,USA,30.3,220465,,WC,Katie Volynets,R,,USA,21.1,6-4 4-6 6-1,3,R128,140.0,2.0,3.0,97.0,58.0,40.0,20.0,14.0,7.0,10.0,1.0,7.0,98.0,67.0,39.0,12.0,13.0,7.0,12.0,41.0,1245.0,74.0,803.0,2023-03-06
2023-609,Indian Wells,Hard,96,PM,2023-03-06,203,222258,,,Linda Fruhvirtova,R,,CZE,17.8,210886,,,Mayar Sherif,R,180.0,EGY,26.8,0-6 6-2 6-3,3,R128,132.0,2.0,9.0,87.0,57.0,38.0,11.0,12.0,4.0,8.0,9.0,3.0,78.0,52.0,32.0,13.0,11.0,4.0,8.0,53.0,1017.0,52.0,1050.0,2023-03-06
2023-609,Indian Wells,Hard,96,PM,2023-03-06,200,214939,,,Anna Kalinskaya,R,175.0,RUS,24.2,219917,,,Alycia Parks,R,185.0,USA,22.1,6-1 6-1,3,R128,56.0,1.0,4.0,44.0,27.0,21.0,7.0,7.0,2.0,3.0,2.0,7.0,38.0,21.0,7.0,5.0,7.0,3.0,9.0,60.0,923.0,55.0,991.0,2023-03-06
2023-609,Indian Wells,Hard,96,PM,2023-03-06,199,215020,,,Anna Blinkova,R,179.0,RUS,24.4,215983,,WC,Ann Li,R,170.0,USA,22.6,6-1 6-2,3,R128,62.0,4.0,2.0,46.0,27.0,19.0,13.0,7.0,3.0,3.0,1.0,2.0,49.0,21.0,14.0,9.0,8.0,2.0,7.0,69.0,866.0,177.0,370.0,2023-03-06
2023-609,Indian Wells,Hard,96,PM,2023-03-06,196,216097,,WC,Elizabeth Mandlik,R,,USA,21.7,201590,,,Alison Riske Amritraj,R,173.0,USA,32.6,6-3 5-7 7-6(1),3,R128,146.0,8.0,11.0,113.0,62.0,48.0,20.0,17.0,4.0,9.0,2.0,4.0,97.0,60.0,38.0,18.0,16.0,2.0,7.0,155.0,422.0,58.0,953.0,2023-03-06
2023-609,Indian Wells,Hard,96,PM,2023-03-06,195,205925,,,Aliaksandra Sasnovich,R,174.0,BLR,28.9,201466,,,Kaia Kanepi,R,181.0,EST,37.7,6-3 7-6(5),3,R128,98.0,0.0,4.0,76.0,49.0,29.0,16.0,11.0,3.0,6.0,2.0,7.0,72.0,34.0,25.0,13.0,10.0,0.0,4.0,44.0,1174.0,51.0,1052.0,2023-03-06
2023-609,Indian Wells,Hard,96,PM,2023-03-06,192,216016,,,Xiyu Wang,L,,CHN,21.9,215337,,Q,Olga Danilovic,L,,SRB,22.1,4-6 6-2 6-3,3,R128,133.0,8.0,10.0,80.0,51.0,36.0,13.0,14.0,6.0,11.0,0.0,4.0,85.0,50.0,27.0,13.0,13.0,8.0,15.0,59.0,941.0,143.0,461.0,2023-03-06
2023-609,Indian Wells,Hard,96,PM,2023-03-06,191,202429,,,Camila Giorgi,R,168.0,ITA,31.1,201551,,Q,Arantxa Rus,L,180.0,NED,32.2,6-3 6-3,3,R128,96.0,5.0,9.0,74.0,42.0,27.0,16.0,9.0,5.0,7.0,3.0,3.0,60.0,35.0,20.0,9.0,9.0,4.0,9.0,46.0,1144.0,130.0,520.0,2023-03-06
2023-609,Indian Wells,Hard,96,PM,2023-03-06,188,213710,,Q,Cristina Bucsa,R,,ESP,25.1,215042,,Q,Katie Swan,R,170.0,GBR,23.9,7-6(6) 7-5,3,R128,137.0,1.0,2.0,86.0,57.0,32.0,16.0,12.0,6.0,11.0,3.0,8.0,95.0,56.0,35.0,11.0,12.0,9.0,15.0,90.0,708.0,156.0,419.0,2023-03-06
2023-609,Indian Wells,Hard,96,PM,2023-03-06,187,222328,,,Linda Noskova,R,,CZE,18.2,201593,,,Irina Camelia Begu,R,181.0,ROU,32.5,7-6(7) 6-1,3,R128,90.0,2.0,4.0,66.0,45.0,38.0,8.0,10.0,2.0,3.0,9.0,5.0,64.0,37.0,25.0,12.0,9.0,4.0,7.0,54.0,1003.0,38.0,1288.0,2023-03-06
2023-609,Indian Wells,Hard,96,PM,2023-03-06,184,202490,,Q,Rebecca Peterson,R,173.0,SWE,27.5,216146,,,Marta Kostyuk,R,175.0,UKR,20.6,7-5 5-7 7-5,3,R128,177.0,2.0,4.0,126.0,84.0,48.0,19.0,18.0,12.0,19.0,6.0,17.0,125.0,71.0,48.0,18.0,18.0,11.0,19.0,103.0,659.0,40.0,1270.0,2023-03-06
2023-609,Indian Wells,Hard,96,PM,2023-03-06,183,213525,,,Jil Teichmann,L,170.0,SUI,25.6,221909,,Q,Ashlyn Krueger,R,185.0,USA,18.8,6-1 6-4,3,R128,79.0,3.0,3.0,69.0,41.0,29.0,16.0,9.0,6.0,7.0,0.0,1.0,50.0,33.0,21.0,5.0,8.0,3.0,7.0,39.0,1274.0,154.0,426.0,2023-03-06
2023-609,Indian Wells,Hard,96,PM,2023-03-06,180,215035,,WC,Dayana Yastremska,R,175.0,UKR,22.8,214388,,,Anna Bondar,R,,HUN,25.7,6-3 6-4,3,R128,78.0,0.0,3.0,59.0,30.0,20.0,15.0,10.0,2.0,5.0,0.0,3.0,49.0,27.0,17.0,6.0,9.0,0.0,5.0,142.0,462.0,79.0,767.0,2023-03-06
2023-609,Indian Wells,Hard,96,PM,2023-03-06,179,216133,,,Xin Yu Wang,R,182.0,CHN,21.4,210722,,,Elise Mertens,R,179.0,BEL,27.2,6-3 6-1,3,R128,84.0,0.0,5.0,57.0,35.0,24.0,8.0,8.0,3.0,6.0,1.0,9.0,50.0,19.0,6.0,12.0,8.0,5.0,12.0,67.0,871.0,37.0,1299.0,2023-03-06
2023-609,Indian Wells,Hard,96,PM,2023-03-06,176,201615,,Q,Lesia Tsurenko,R,174.0,UKR,33.7,202684,,,Lin Zhu,R,173.0,CHN,29.1,6-4 6-3,3,R128,102.0,0.0,3.0,53.0,34.0,21.0,8.0,9.0,2.0,6.0,0.0,2.0,86.0,56.0,27.0,13.0,10.0,9.0,16.0,95.0,688.0,33.0,1315.0,2023-03-06
2023-609,Indian Wells,Hard,96,PM,2023-03-06,175,201516,,,Evgeniya Rodina,R,170.0,RUS,34.0,201427,,,Alize Cornet,R,173.0,FRA,33.1,6-2 7-5,3,R128,101.0,0.0,4.0,70.0,55.0,37.0,6.0,10.0,4.0,6.0,0.0,9.0,62.0,31.0,19.0,12.0,10.0,2.0,7.0,427.0,111.0,68.0,868.0,2023-03-06
